{"cameraMode":{"drawMode":0,"name":"Shaded","section":"Shading Mode"},"sceneLighting":true,"audioPlay":false,"sceneViewState":{"m_AlwaysRefresh":false,"showFog":true,"showSkybox":true,"showFlares":true,"showImageEffects":true,"showParticleSystems":true,"showVisualEffectGraphs":true,"m_FxEnabled":true},"in2DMode":false,"pivot":{"x":-2.478199005126953,"y":-4.057727813720703,"z":-0.43017005920410159},"rotation":{"x":0.23026789724826814,"y":0.7615424990653992,"z":-0.48747822642326357,"w":0.35972586274147036},"size":15.438922882080079,"orthographic":false}